95,rolfe,beavon,rbeavon2m@msn.com,male,(209) 6416398,05/07/2023
259,chandler,gilchrest,cgilchrest76@loc.gov,non-binary,(818) 5966447,06/07/2023
242,alley,learman,alearman6p@ow.ly,male,(228) 7829196,04/07/2023
271,freida,tomczykiewicz,ftomczykiewicz7i@pagesperso-orange.fr,female,(832) 7634745,09/07/2023
,friedrich,kittman,fkittman29@rambler.ru,male,(112) 3646881,09/07/2023
173,kissiah,yurmanovev,kyurmanovev4s@bandcamp.com,polygender,(784) 4788006,06/07/2023
42,aguste,mcallister,amcallister15@w3.org,male,(805) 4057765,05/07/2023
73,briano,pocknoll,bpocknoll20@sciencedirect.com,male,(106) 2573140,05/07/2023
119,christalle,gartery,cgartery3a@1und1.de,female,(835) 3587877,06/07/2023
21,mary,babington,mbabingtonk@blogger.com,female,(686) 2310797,03/07/2023
93,anastasie,grigoriscu,agrigoriscu2k@google.com.br,female,(912) 4056804,07/07/2023
10,zebedee,rosettini,zrosettini9@fotki.com,agender,(390) 6800886,05/07/2023
44,liva,eilhertsen,leilhertsen17@163.com,female,(237) 2009283,05/07/2023
,cosmo,vlasov,cvlasov21@elegantthemes.com,male,(243) 2614158,05/07/2023
60,uriah,wimpress,uwimpress1n@shareasale.com,male,(493) 2643016,02/07/2023
157,chrissy,abbis,cabbis4c@home.pl,male,(900) 3961419,01/07/2023
248,arleta,gildea,agildea6v@dropbox.com,female,(532) 9935673,01/07/2023
150,melina,givens,mgivens45@huffingtonpost.com,female,(282) 8730585,07/07/2023
215,hugh,fitzjohn,hfitzjohn5y@livejournal.com,non-binary,(463) 9984047,08/07/2023
165,hurley,teacy,hteacy4k@ibm.com,genderfluid,(279) 2078384,01/07/2023
289,monty,le marquand,mlemarquand80@woothemes.com,male,(391) 5211837,06/07/2023
166,terrance,datte,tdatte4l@youtube.com,male,(488) 8562565,08/07/2023
133,jeremiah,scorrer,jscorrer3o@wp.com,agender,(915) 4857781,02/07/2023
20,florentia,magnus,fmagnusj@fda.gov,female,(820) 6000236,04/07/2023
65,devland,pesik,dpesik1s@statcounter.com,male,(943) 7633903,05/07/2023
,hailee,lovstrom,hlovstrom5n@goodreads.com,female,(180) 4108608,04/07/2023
237,colan,sacher,csacher6k@amazon.co.uk,polygender,(482) 7984403,03/07/2023
,nataniel,krook,nkrook4z@sogou.com,male,(869) 1995906,09/07/2023
,chryste,libbe,clibbe2f@gmpg.org,female,(134) 8561052,02/07/2023
175,leland,yallowley,lyallowley4u@hibu.com,female,(870) 1316185,02/07/2023
,diane,devote,ddevote7f@google.com,female,(805) 9963776,09/07/2023
106,emiline,hendrick,ehendrick2x@mail.ru,female,(678) 6508260,02/07/2023
199,claudius,robecon,crobecon5i@utexas.edu,male,(148) 9532009,01/07/2023
,rhodia,yeiles,ryeiles5k@nba.com,female,(688) 3419308,07/07/2023
,carry,scarsbrooke,cscarsbrooke4o@dagondesign.com,genderqueer,(771) 1032375,04/07/2023
230,nani,castell,ncastell6d@usa.gov,female,(344) 9966359,06/07/2023
129,adelaide,carlucci,acarlucci3k@elpais.com,female,(721) 5152382,06/07/2023
188,barth,mcgreay,bmcgreay57@google.com.br,polygender,(724) 3201622,01/07/2023
,myles,beveridge,mbeveridge88@pcworld.com,male,(788) 2309512,04/07/2023
,stephen,sumner,ssumner5b@loc.gov,male,(200) 9413941,06/07/2023
224,tammie,mullis,tmullis67@accuweather.com,bigender,(133) 2906431,02/07/2023
103,arty,wyd,awyd2u@statcounter.com,male,(896) 1275139,02/07/2023
233,giuseppe,zywicki,gzywicki6g@earthlink.net,male,(719) 8711821,01/07/2023
101,kristos,van den velde,kvandenvelde2s@cafepress.com,male,(266) 2041725,05/07/2023
298,dennis,shatliff,dshatliff89@sitemeter.com,male,(905) 9984515,08/07/2023
168,forester,di biagi,fdibiagi4n@dedecms.com,male,(315) 6863700,03/07/2023
183,marthena,snawdon,msnawdon52@usnews.com,female,(367) 3809347,01/07/2023
,xenos,blague,xblague6@google.pl,male,(155) 9799692,06/07/2023
216,melonie,shann,mshann5z@wired.com,genderfluid,(573) 7350484,03/07/2023
,gil,gauch,ggauch1z@devhub.com,male,(766) 5559172,06/07/2023
222,fern,itzkovich,fitzkovich65@bluehost.com,female,(727) 9045095,09/07/2023
,ofilia,meader,omeader84@eventbrite.com,female,(476) 3155526,09/07/2023
,trixy,dominik,tdominik7@liveinternet.ru,female,(467) 9966688,02/07/2023
53,ward,mcguffie,wmcguffie1g@berkeley.edu,male,(643) 6588557,07/07/2023
,olin,etches,oetches87@bloglines.com,male,(319) 5495449,01/07/2023
12,roarke,muzzi,rmuzzib@bigcartel.com,genderqueer,(179) 1280644,04/07/2023
37,francklyn,fryman,ffryman10@comsenz.com,male,(963) 1321802,03/07/2023
272,tucker,mobius,tmobius7j@e-recht24.de,male,(756) 2975184,09/07/2023
,luisa,lehrer,llehrer11@hexun.com,female,(744) 8966332,01/07/2023
75,cinderella,kenn,ckenn22@feedburner.com,female,(138) 2360040,08/07/2023
220,milt,brent,mbrent63@google.com,male,(342) 1731511,06/07/2023
287,courtenay,bothwell,cbothwell7y@edublogs.org,female,(183) 8655236,08/07/2023
181,peter,schoolcroft,pschoolcroft50@scribd.com,male,(988) 3031746,05/07/2023
125,flo,fenner,ffenner3g@imageshack.us,female,(723) 7294421,07/07/2023
176,gayle,shorrock,gshorrock4v@state.gov,female,(571) 6400777,03/07/2023
68,kellen,cripwell,kcripwell1v@hp.com,female,(307) 8289115,09/07/2023
,karilynn,gant,kgant0@bigcartel.com,female,(981) 1388561,09/07/2023
229,aloysius,annakin,aannakin6c@ask.com,male,(440) 4218066,01/07/2023
246,gilly,bosche,gbosche6t@bloglines.com,female,(702) 1709220,08/07/2023
178,barbara,keattch,bkeattch4x@sourceforge.net,female,(474) 6696701,03/07/2023
138,field,sellstrom,fsellstrom3t@msu.edu,male,(830) 3575177,05/07/2023
,shayla,sigge,ssigge5u@netlog.com,non-binary,(244) 5551118,04/07/2023
299,vick,haensel,vhaensel8a@apache.org,male,(741) 8089545,01/07/2023
114,gerianna,mattaus,gmattaus35@imdb.com,female,(204) 1607328,07/07/2023
145,merle,feld,mfeld40@paginegialle.it,agender,(483) 6573451,09/07/2023
23,rufus,pesselt,rpesseltm@shinystat.com,male,(719) 3956100,04/07/2023
291,ardelle,stewartson,astewartson82@oakley.com,female,(486) 1745457,04/07/2023
76,lorri,henstone,lhenstone23@behance.net,female,(627) 5254461,06/07/2023
,akim,leonida,aleonida2l@google.co.jp,male,(410) 3500194,09/07/2023
285,saunders,ettridge,settridge7w@infoseek.co.jp,male,(714) 6186333,03/07/2023
54,brendin,calbreath,bcalbreath1h@indiatimes.com,male,(833) 6941589,09/07/2023
98,berk,orviss,borviss2p@theglobeandmail.com,male,(626) 5467456,08/07/2023
262,alvira,gahagan,agahagan79@multiply.com,female,(816) 2052034,07/07/2023
,layne,peerman,lpeerman3i@census.gov,female,(194) 8060042,05/07/2023
,anette,mangeon,amangeona@oracle.com,genderqueer,(832) 9771966,04/07/2023
39,tadeo,lapish,tlapish12@mashable.com,male,(420) 1600689,09/07/2023
170,karlis,padly,kpadly4p@huffingtonpost.com,male,(717) 3434103,08/07/2023
250,deedee,kirgan,dkirgan6x@craigslist.org,female,(742) 6087724,02/07/2023
,horst,swateridge,hswateridgee@dion.ne.jp,male,(158) 9657790,09/07/2023
99,katee,colam,kcolam2q@rediff.com,female,(999) 4021502,01/07/2023
,yolande,lightbourne,ylightbourne5e@japanpost.jp,female,(909) 1320009,02/07/2023
,reinald,mcleish,rmcleish1k@earthlink.net,male,(461) 4122123,06/07/2023
85,minnnie,antonopoulos,mantonopoulos2c@jigsy.com,female,(829) 2675104,05/07/2023
,carola,kolakowski,ckolakowski33@senate.gov,female,(463) 8705391,06/07/2023
260,brucie,rummin,brummin77@clickbank.net,male,(803) 7833922,04/07/2023
191,janis,haliday,jhaliday5a@jalbum.net,female,(838) 5743175,09/07/2023
,marthena,ahern,mahern1u@cmu.edu,female,(848) 8745931,01/07/2023
130,friedrick,veschambes,fveschambes3l@istockphoto.com,male,(283) 1781933,05/07/2023
228,joachim,o'lahy,jolahy6b@geocities.com,male,(181) 4841380,08/07/2023
,shawn,shildrick,sshildrick48@imdb.com,male,(110) 8807435,06/07/2023
227,francisco,altimas,faltimas6a@gizmodo.com,non-binary,(767) 4507925,02/07/2023
,kit,dunridge,kdunridge7l@reference.com,female,(893) 6133421,03/07/2023
258,tiertza,van den velden,tvandenvelden75@infoseek.co.jp,female,(110) 7917352,05/07/2023
,norton,aitkenhead,naitkenhead1t@ifeng.com,male,(822) 3029902,07/07/2023
128,natty,ruller,nruller3j@skyrock.com,female,(362) 9242550,04/07/2023
89,locke,cassam,lcassam2g@mtv.com,male,(371) 1473778,06/07/2023
148,baxter,blakebrough,bblakebrough43@wikispaces.com,male,(459) 4997192,07/07/2023
77,arin,mcmarquis,amcmarquis24@cdc.gov,male,(103) 1025528,05/07/2023
207,hunt,kamenar,hkamenar5q@cnbc.com,male,(836) 3484984,04/07/2023
256,imelda,yakubowicz,iyakubowicz73@moonfruit.com,female,(942) 2294942,04/07/2023
244,buck,hallgate,bhallgate6r@sitemeter.com,male,(265) 1343195,08/07/2023
264,felike,lepere,flepere7b@plala.or.jp,male,(704) 1803532,03/07/2023
25,franciskus,linnell,flinnello@google.it,male,(343) 3218158,04/07/2023
115,warner,bernadon,wbernadon36@newsvine.com,male,(554) 5369912,02/07/2023
111,hilary,elves,helves32@mtv.com,male,(616) 2868923,02/07/2023
142,hartwell,scrimgeour,hscrimgeour3x@geocities.com,bigender,(361) 9745201,07/07/2023
56,aridatha,duncanson,aduncanson1j@amazon.de,female,(551) 4195528,02/07/2023
104,yurik,probetts,yprobetts2v@umn.edu,male,(496) 2318994,05/07/2023
,alison,trowle,atrowle49@patch.com,female,(407) 3961819,03/07/2023
86,adora,charter,acharter2d@wunderground.com,genderfluid,(361) 3731486,02/07/2023
263,selle,dy,sdy7a@geocities.com,female,(543) 6475757,03/07/2023
55,christie,spellessy,cspellessy1i@ycombinator.com,male,(614) 9667008,03/07/2023
64,tasha,delf,tdelf1r@craigslist.org,genderfluid,(360) 6787439,05/07/2023
,hartwell,woolford,hwoolfordy@1und1.de,male,(310) 4316189,06/07/2023
17,tamar,dwerryhouse,tdwerryhouseg@senate.gov,female,(695) 9801061,08/07/2023
206,trudy,hawkridge,thawkridge5p@parallels.com,female,(605) 1112058,05/07/2023
235,mic,lorence,mlorence6i@issuu.com,male,(362) 6983919,06/07/2023
16,batsheva,force,bforcef@cloudflare.com,female,(675) 9698577,02/07/2023
90,zaccaria,rosenfrucht,zrosenfrucht2h@prnewswire.com,male,(259) 8404703,04/07/2023
,errick,czaja,eczaja2w@ebay.com,male,(896) 8566664,02/07/2023
269,eduardo,jagielski,ejagielski7g@desdev.cn,male,(908) 7995592,08/07/2023
,rollie,finder,rfinder6y@ustream.tv,male,(495) 5724605,04/07/2023
134,lucian,negri,lnegri3p@craigslist.org,male,(153) 5374871,09/07/2023
96,shurwood,mcgeraghty,smcgeraghty2n@marketwatch.com,bigender,(946) 5160944,06/07/2023
218,huntington,mchardy,hmchardy61@rambler.ru,male,(955) 2339167,07/07/2023
226,di,simenet,dsimenet69@free.fr,female,(703) 4863884,01/07/2023
,franky,insworth,finswortht@51.la,female,(576) 2054608,08/07/2023
109,misty,berridge,mberridge30@chicagotribune.com,female,(994) 3505797,02/07/2023
221,noak,onyon,nonyon64@youtube.com,male,(356) 4086524,08/07/2023
254,selie,speek,sspeek71@last.fm,female,(756) 2480878,03/07/2023
288,shannen,furze,sfurze7z@altervista.org,female,(126) 3908502,05/07/2023
,uri,van der baaren,uvanderbaaren1q@w3.org,male,(297) 6617291,07/07/2023
59,sander,burcher,sburcher1m@icq.com,male,(961) 1227961,03/07/2023
92,nickey,veltman,nveltman2j@apple.com,male,(540) 2888450,07/07/2023
71,lucinda,gasticke,lgasticke1y@europa.eu,female,(633) 1780214,05/07/2023
141,ann-marie,willbourne,awillbourne3w@arizona.edu,female,(314) 1259421,08/07/2023
189,joell,woolforde,jwoolforde58@cdc.gov,agender,(265) 1077910,01/07/2023
,kaye,mowday,kmowday5w@economist.com,female,(510) 8577658,04/07/2023
,dre,bulle,dbulle86@nytimes.com,female,(102) 3183940,06/07/2023
,tucky,wastell,twastell4b@ucoz.ru,male,(232) 9064619,07/07/2023
234,early,grouen,egrouen6h@godaddy.com,agender,(859) 9118260,09/07/2023
14,even,briand,ebriandd@prlog.org,male,(188) 8637064,09/07/2023
78,dalston,vernau,dvernau25@cargocollective.com,male,(554) 5814089,02/07/2023
80,arny,duffill,aduffill27@wix.com,male,(418) 2310414,07/07/2023
155,garrot,pritchard,gpritchard4a@mozilla.com,male,(293) 4321051,09/07/2023
196,heather,o'deegan,hodeegan5f@deliciousdays.com,female,(291) 4706943,02/07/2023
257,flint,d'adda,fdadda74@macromedia.com,male,(262) 4118545,02/07/2023
24,erasmus,tolchar,etolcharn@e-recht24.de,male,(241) 6264439,03/07/2023
121,rosalind,ciccone,rciccone3c@oracle.com,female,(559) 7179371,06/07/2023
,leeanne,maceveley,lmaceveley1d@apple.com,female,(722) 8086832,03/07/2023
116,micaela,lavallin,mlavallin37@a8.net,female,(934) 3161545,09/07/2023
144,eadmund,burt,eburt3z@delicious.com,male,(270) 2009770,04/07/2023
210,tabbatha,oakenfield,toakenfield5t@tumblr.com,female,(105) 9404964,07/07/2023
108,alonzo,sommer,asommer2z@etsy.com,male,(314) 1921168,09/07/2023
158,verina,azemar,vazemar4d@examiner.com,female,(486) 5254810,05/07/2023
135,falito,bilborough,fbilborough3q@storify.com,male,(790) 4960188,06/07/2023
151,bradan,rodrigues,brodrigues46@instagram.com,male,(587) 4138350,06/07/2023
193,gregoor,megroff,gmegroff5c@statcounter.com,male,(410) 5915144,06/07/2023
,shelia,brewerton,sbrewerton6l@sogou.com,female,(829) 3900962,08/07/2023
9,tallou,varty,tvarty8@jiathis.com,polygender,(694) 2146583,07/07/2023
113,diego,leatt,dleatt34@google.com.hk,male,(674) 6195313,03/07/2023
3,james,gormally,jgormally2@tinyurl.com,male,(202) 3696277,05/07/2023
,eloise,beswell,ebeswell19@t.co,female,(196) 8788510,07/07/2023
,judi,gentreau,jgentreau85@cbc.ca,non-binary,(369) 1566465,03/07/2023
97,bronnie,julyan,bjulyan2o@reddit.com,male,(336) 9489557,07/07/2023
177,hinze,boutcher,hboutcher4w@google.nl,male,(928) 6904661,01/07/2023
280,georgeta,woehler,gwoehler7r@surveymonkey.com,female,(988) 9030965,08/07/2023
13,zechariah,conisbee,zconisbeec@nps.gov,male,(624) 6629558,05/07/2023
117,roze,gravy,rgravy38@mapy.cz,female,(798) 2033919,09/07/2023
62,andros,newall,anewall1p@nature.com,male,(183) 5987225,05/07/2023
240,trixy,janowski,tjanowski6n@tiny.cc,female,(786) 5623119,05/07/2023
140,carlotta,coundley,ccoundley3v@about.com,female,(462) 4121505,09/07/2023
120,shea,briamo,sbriamo3b@360.cn,male,(864) 1130392,01/07/2023
100,alberto,polino,apolino2r@mit.edu,male,(740) 2842335,04/07/2023
212,northrup,orpen,norpen5v@goodreads.com,male,(352) 9147611,06/07/2023
33,corabel,rowbotham,crowbothamw@microsoft.com,bigender,(903) 4318914,02/07/2023
,parry,geleman,pgeleman6q@bbb.org,male,(660) 3547938,03/07/2023
87,amargo,rennard,arennard2e@wufoo.com,female,(912) 5246848,08/07/2023
,chiquia,silley,csilley4e@deviantart.com,female,(928) 4328718,03/07/2023
124,mathilda,bosnell,mbosnell3f@foxnews.com,female,(835) 9274854,09/07/2023
,annamarie,body,abodyx@senate.gov,female,(886) 4213943,04/07/2023
278,eulalie,beggini,ebeggini7p@upenn.edu,female,(351) 1768872,05/07/2023
217,tybie,borel,tborel60@ihg.com,female,(179) 7899983,08/07/2023
245,sidnee,matthews,smatthews6s@addthis.com,male,(501) 6461053,01/07/2023
190,martie,bauduccio,mbauduccio59@t.co,female,(532) 4052678,05/07/2023
48,arron,emmitt,aemmitt1b@ihg.com,male,(321) 1250773,01/07/2023
26,suzy,almack,salmackp@nytimes.com,female,(369) 3097737,08/07/2023
214,homerus,robken,hrobken5x@icq.com,male,(492) 4085937,05/07/2023
186,warner,golde,wgolde55@toplist.cz,genderfluid,(884) 8274824,07/07/2023
,whitman,ullock,wullock7d@sohu.com,male,(199) 5562418,05/07/2023
69,franchot,vannoni,fvannoni1w@census.gov,male,(253) 1392764,04/07/2023
22,sayre,hartman,shartmanl@gnu.org,female,(538) 2515874,09/07/2023
41,cecilius,sancho,csancho14@last.fm,male,(663) 6059886,05/07/2023
209,jackquelin,khotler,jkhotler5s@etsy.com,female,(940) 4583442,03/07/2023
,ken,boyes,kboyes66@baidu.com,male,(592) 9431852,07/07/2023
187,balduin,cokely,bcokely56@bbc.co.uk,male,(276) 8153585,02/07/2023
208,juieta,klulicek,jklulicek5r@ask.com,female,(226) 8345381,09/07/2023
,stepha,shoebrook,sshoebrook3d@blogs.com,female,(441) 1747421,06/07/2023
198,tiff,mackibbon,tmackibbon5h@unblog.fr,female,(290) 9397331,09/07/2023
172,brittne,glaisner,bglaisner4r@github.com,female,(618) 2475570,09/07/2023
232,perceval,symson,psymson6f@ox.ac.uk,male,(581) 4417790,07/07/2023
,ferdy,tonn,ftonn7h@simplemachines.org,male,(226) 8599566,03/07/2023
,russell,mcilwreath,rmcilwreathh@acquirethisname.com,male,(808) 3707720,06/07/2023
,clem,skain,cskain1f@bloglines.com,female,(768) 4658565,06/07/2023
152,brander,toope,btoope47@loc.gov,male,(806) 9626340,02/07/2023
163,corabelle,amesbury,camesbury4i@etsy.com,female,(873) 1415111,08/07/2023
167,alikee,seleway,aseleway4m@flickr.com,female,(783) 7446341,01/07/2023
290,brewster,dunbobbin,bdunbobbin81@auda.org.au,male,(493) 2589768,08/07/2023
160,ogdon,tweddell,otweddell4f@buzzfeed.com,male,(550) 4453103,02/07/2023
255,roanne,rossbrook,rrossbrook72@wisc.edu,genderqueer,(832) 2632821,04/07/2023
131,kiri,casina,kcasina3m@simplemachines.org,female,(435) 8250342,04/07/2023
164,frans,o'griffin,fogriffin4j@macromedia.com,male,(122) 4226474,04/07/2023
,cilka,raccio,craccio6u@oracle.com,female,(330) 9420144,06/07/2023
225,kippie,mityashin,kmityashin68@unc.edu,female,(164) 9791877,06/07/2023
241,leone,skatcher,lskatcher6o@google.pl,female,(182) 8855301,01/07/2023
,phip,drage,pdrage7m@nps.gov,genderfluid,(174) 4818509,09/07/2023
182,desdemona,trimby,dtrimby51@economist.com,female,(113) 6483712,03/07/2023
2,kay,mcpherson,kmcpherson1@yahoo.com,female,(586) 7513732,03/07/2023
107,sheri,fasset,sfasset2y@usnews.com,female,(559) 1329563,09/07/2023
292,olva,close,oclose83@scientificamerican.com,female,(596) 4346980,01/07/2023
,gaby,leheude,gleheude1a@cbsnews.com,female,(856) 6053157,09/07/2023
282,aurlie,moodey,amoodey7t@europa.eu,female,(126) 5815083,08/07/2023
5,tobiah,sneaker,tsneaker4@lycos.com,male,(561) 3255451,09/07/2023
300,arielle,bragger,abragger8b@linkedin.com,female,(576) 3695293,01/07/2023
32,ethelbert,champagne,echampagnev@china.com.cn,male,(944) 1354709,04/07/2023
58,pollyanna,chaster,pchaster1l@twitpic.com,female,(340) 1768606,07/07/2023
,doroteya,tranfield,dtranfield2i@latimes.com,female,(184) 9412443,01/07/2023
45,don,oliphand,doliphand18@creativecommons.org,male,(346) 5976850,02/07/2023
203,sherye,slack,sslack5m@youku.com,bigender,(224) 1425842,02/07/2023
43,daren,anersen,danersen16@nifty.com,non-binary,(496) 5361435,03/07/2023
,margery,gonnet,mgonnet6j@sakura.ne.jp,female,(783) 7801892,02/07/2023
,arri,woolen,awoolen1o@mac.com,male,(471) 7343619,07/07/2023
219,malory,stuck,mstuck62@vinaora.com,female,(493) 1642844,08/07/2023
185,misty,struthers,mstruthers54@de.vu,female,(478) 4022858,09/07/2023
,rozalie,grigaut,rgrigaut44@hp.com,non-binary,(183) 3935319,03/07/2023
277,kessia,castilljo,kcastilljo7o@apache.org,female,(155) 5663865,08/07/2023
184,francesca,coweuppe,fcoweuppe53@reuters.com,female,(407) 6807360,04/07/2023
174,orsola,grimley,ogrimley4t@acquirethisname.com,female,(924) 8760396,05/07/2023
136,ellsworth,robardley,erobardley3r@cmu.edu,male,(135) 3842129,02/07/2023
40,slade,godfrey,sgodfrey13@shareasale.com,male,(414) 3211297,01/07/2023
171,saudra,catterson,scatterson4q@constantcontact.com,female,(927) 6275799,01/07/2023
,winthrop,arnke,warnkeu@baidu.com,male,(623) 6280203,05/07/2023
267,janean,mcnutt,jmcnutt7e@biblegateway.com,female,(664) 2950658,04/07/2023
252,dulcea,saich,dsaich6z@opensource.org,female,(633) 8440351,09/07/2023
279,felisha,whopples,fwhopples7q@surveymonkey.com,female,(914) 4632713,09/07/2023
4,smitty,prentice,sprentice3@canalblog.com,male,(869) 9028087,03/07/2023
137,emmet,macrierie,emacrierie3s@telegraph.co.uk,male,(385) 4829583,02/07/2023
,eleen,harkess,eharkess7s@smh.com.au,female,(282) 4891044,05/07/2023
6,niels,lauthian,nlauthian5@meetup.com,male,(359) 2958940,09/07/2023
,cari,prattington,cprattington31@chronoengine.com,female,(259) 9066364,08/07/2023
28,fair,taphouse,ftaphouser@woothemes.com,male,(539) 6711700,04/07/2023
,hollie,hamlen,hhamlen1c@answers.com,female,(486) 9653517,09/07/2023
123,meade,abramchik,mabramchik3e@opensource.org,female,(398) 6399581,07/07/2023
147,dill,semens,dsemens42@ucsd.edu,male,(530) 1368878,02/07/2023
273,joseito,wagen,jwagen7k@yale.edu,male,(670) 1094369,09/07/2023
200,fran,burroughes,fburroughes5j@facebook.com,male,(303) 5039193,02/07/2023
239,lyndsay,rodenborch,lrodenborch6m@nationalgeographic.com,female,(574) 1095053,05/07/2023
,seward,santry,ssantry1x@amazonaws.com,male,(264) 9657007,03/07/2023
205,tedmund,divill,tdivill5o@un.org,male,(487) 4517381,03/07/2023
126,calley,mulvenna,cmulvenna3h@wsj.com,non-binary,(805) 3285623,07/07/2023
143,ab,tumelty,atumelty3y@instagram.com,male,(901) 6579230,03/07/2023
,guinna,laing,glaing7n@jiathis.com,female,(717) 2402164,09/07/2023
283,kamillah,catterell,kcatterell7u@nytimes.com,female,(429) 8235716,01/07/2023
284,nance,hearley,nhearley7v@skyrock.com,non-binary,(491) 4529031,05/07/2023
194,noemi,matuszkiewicz,nmatuszkiewicz5d@scientificamerican.com,female,(432) 4518052,04/07/2023
36,rik,amberson,rambersonz@woothemes.com,bigender,(715) 6590328,06/07/2023
29,roxi,speere,rspeeres@networkadvertising.org,female,(782) 7533572,03/07/2023
197,geordie,barok,gbarok5g@economist.com,male,(277) 9799459,02/07/2023
202,monica,coggin,mcoggin5l@last.fm,female,(157) 8274251,08/07/2023
286,elmira,piele,epiele7x@friendfeed.com,female,(646) 3412037,09/07/2023
51,edouard,halls,ehalls1e@archive.org,male,(667) 8293867,07/07/2023
83,deina,dibdin,ddibdin2a@bravesites.com,female,(254) 5779304,03/07/2023
146,patin,paradise,pparadise41@google.com.br,male,(485) 1014708,01/07/2023
132,clerkclaude,swidenbank,cswidenbank3n@techcrunch.com,agender,(763) 6520632,02/07/2023
161,rafaelita,mathewson,rmathewson4g@columbia.edu,female,(224) 2654756,07/07/2023
118,mada,palay,mpalay39@bing.com,female,(418) 6871502,05/07/2023
,hamish,morrow,hmorrow4h@java.com,male,(869) 7619753,01/07/2023
231,irma,iori,iiori6e@cyberchimps.com,female,(835) 3310844,02/07/2023
81,quentin,garshore,qgarshore28@networksolutions.com,male,(863) 2298456,08/07/2023
,paloma,tallman,ptallman6w@disqus.com,female,(448) 2983294,07/07/2023
,ursala,ollerhead,uollerhead78@who.int,female,(583) 1409852,04/07/2023
139,hailey,budge,hbudge3u@yellowbook.com,male,(559) 2870202,08/07/2023
,janeta,lemmon,jlemmon2t@ihg.com,female,(552) 3735304,03/07/2023
84,noni,chiverton,nchiverton2b@thetimes.co.uk,female,(617) 3810180,07/07/2023
253,wynne,weth,wweth70@uiuc.edu,female,(568) 3863299,05/07/2023
265,etan,carren,ecarren7c@free.fr,male,(467) 2091748,05/07/2023
79,emilee,girhard,egirhard26@bandcamp.com,female,(767) 3514005,05/07/2023
